INSERT INTO devise VALUES 
    ('DEV01EUR', 'euro'),
    ('DEV02USD', 'dollar'),
    ('DEV03MGA', 'ariary');

INSERT INTO type VALUES 
    ('TYP001', 'Petrolier'),
    ('TYP002', 'Paquebot'),
    ('TYP003', 'Commerciale');

INSERT INTO Pavillon VALUES 
    ('PAV01', 'Internationale', 'DEV01EUR'),
    ('PAV02', 'Nationale', 'DEV02USD');

INSERT INTO bateau VALUES
    ('BAT00PA' || nextval('seq_id_bateau') || 'N', 'B1', 23, 15, 'PAV01', 'TYP001'),
    ('BAT00CO' || nextval('seq_id_bateau') || 'I', 'B2', 40, 10, 'PAV02', 'TYP002'),
    ('BAT00PE' || nextval('seq_id_bateau') || 'I', 'B3', 35, 20, 'PAV02', 'TYP003');


INSERT INTO profile VALUES
    ('PRO001', 'Capitainerie'),
    ('PRO002', 'Chef-Capitainerie'),
    ('PRO003', 'Facturier'),
    ('PRO004', 'Chef-Facturier');

INSERT INTO utilisateur VALUES
    ('UTI001', 'Tendry', 'PRO002'),
    ('UTI002', 'Aina', 'PRO001');

INSERT INTO quai VALUES
    ('QUA001', 'Q1', 30),
    ('QUA002', 'Q2', 40),
    ('QUA003', 'Q3', 20);
    ('QUA003', 'Q4', 50);

INSERT INTO prestation VALUES
    ('PRES001', 'Stationnement'),
    ('PRES002', 'Reparation'),
    ('PRES003', 'Approvisionnement');

INSERT INTO tarif VALUES
    ('TAR' || nextval('seq_id_tarif'), 'QUA001', 'PRES001', 'TYP001', '20:00:00', '6:00:00', 40, 0, 15, 'PAV01', 500),
    ('TAR' || nextval('seq_id_tarif'), 'QUA001', 'PRES001', 'TYP001', '20:00:00', '6:00:00', 40, 15, 30, 'PAV01', 800),
    ('TAR' || nextval('seq_id_tarif'), 'QUA001', 'PRES001', 'TYP001', '20:00:00', '6:00:00', 40, 30, 45, 'PAV01', 1000),
    ('TAR' || nextval('seq_id_tarif'), 'QUA001', 'PRES001', 'TYP001', '20:00:00', '6:00:00', 40, 45, 60, 'PAV01', 1500),
    ('TAR' || nextval('seq_id_tarif'), 'QUA001', 'PRES001', 'TYP001', '20:00:00', '6:00:00', 40, 60, 'infinity', 'PAV01', 200),
    ('TAR' || nextval('seq_id_tarif'), 'QUA001', 'PRES001', 'TYP001', '6:00:00', '20:00:00', 0, 0, 15, 'PAV01', 500),
    ('TAR' || nextval('seq_id_tarif'), 'QUA001', 'PRES001', 'TYP001', '6:00:00', '20:00:00', 0, 15, 30, 'PAV01', 800),
    ('TAR' || nextval('seq_id_tarif'), 'QUA001', 'PRES001', 'TYP001', '6:00:00', '20:00:00', 0, 30, 45, 'PAV01', 1000),
    ('TAR' || nextval('seq_id_tarif'), 'QUA001', 'PRES001', 'TYP001', '6:00:00', '20:00:00', 0, 45, 60, 'PAV01', 1500),
    ('TAR' || nextval('seq_id_tarif'), 'QUA001', 'PRES001', 'TYP001', '6:00:00', '20:00:00', 0, 60, 'infinity', 'PAV01', 200),
    ('TAR' || nextval('seq_id_tarif'), 'QUA001', 'PRES001', 'TYP001', '0:00:00', '23:59:00', 0, 0, 15, 'PAV02', 100000),
    ('TAR' || nextval('seq_id_tarif'), 'QUA001', 'PRES001', 'TYP001', '0:00:00', '23:59:00', 0, 15, 30, 'PAV02', 150000),
    ('TAR' || nextval('seq_id_tarif'), 'QUA001', 'PRES001', 'TYP001', '0:00:00', '23:59:00', 0, 30, 45, 'PAV02', 200000),
    ('TAR' || nextval('seq_id_tarif'), 'QUA001', 'PRES001', 'TYP001', '0:00:00', '23:59:00', 0, 45, 60, 'PAV02', 250000),
    ('TAR' || nextval('seq_id_tarif'), 'QUA001', 'PRES001', 'TYP001', '0:00:00', '23:59:00', 0, 60, 'infinity', 'PAV02', 50000),
    ('TAR' || nextval('seq_id_tarif'), 'QUA001', 'PRES001', 'TYP002', '20:00:00', '6:00:00', 40, 0, 15, 'PAV01', 500),
    ('TAR' || nextval('seq_id_tarif'), 'QUA001', 'PRES001', 'TYP002', '20:00:00', '6:00:00', 40, 15, 30, 'PAV01', 800),
    ('TAR' || nextval('seq_id_tarif'), 'QUA001', 'PRES001', 'TYP002', '20:00:00', '6:00:00', 40, 30, 45, 'PAV01', 1000),
    ('TAR' || nextval('seq_id_tarif'), 'QUA001', 'PRES001', 'TYP002', '20:00:00', '6:00:00', 40, 45, 60, 'PAV01', 1500),
    ('TAR' || nextval('seq_id_tarif'), 'QUA001', 'PRES001', 'TYP002', '20:00:00', '6:00:00', 40, 60, 'infinity', 'PAV01', 200),
    ('TAR' || nextval('seq_id_tarif'), 'QUA001', 'PRES001', 'TYP002', '6:00:00', '20:00:00', 0, 0, 15, 'PAV01', 500),
    ('TAR' || nextval('seq_id_tarif'), 'QUA001', 'PRES001', 'TYP002', '6:00:00', '20:00:00', 0, 15, 30, 'PAV01', 800),
    ('TAR' || nextval('seq_id_tarif'), 'QUA001', 'PRES001', 'TYP002', '6:00:00', '20:00:00', 0, 30, 45, 'PAV01', 1000),
    ('TAR' || nextval('seq_id_tarif'), 'QUA001', 'PRES001', 'TYP002', '6:00:00', '20:00:00', 0, 45, 60, 'PAV01', 1500),
    ('TAR' || nextval('seq_id_tarif'), 'QUA001', 'PRES001', 'TYP002', '6:00:00', '20:00:00', 0, 60, 'infinity', 'PAV01', 200),
    ('TAR' || nextval('seq_id_tarif'), 'QUA001', 'PRES001', 'TYP002', '0:00:00', '23:59:00', 0, 0, 15, 'PAV02', 100000),
    ('TAR' || nextval('seq_id_tarif'), 'QUA001', 'PRES001', 'TYP002', '0:00:00', '23:59:00', 0, 15, 30, 'PAV02', 150000),
    ('TAR' || nextval('seq_id_tarif'), 'QUA001', 'PRES001', 'TYP002', '0:00:00', '23:59:00', 0, 30, 45, 'PAV02', 200000),
    ('TAR' || nextval('seq_id_tarif'), 'QUA001', 'PRES001', 'TYP002', '0:00:00', '23:59:00', 0, 45, 60, 'PAV02', 250000),
    ('TAR' || nextval('seq_id_tarif'), 'QUA001', 'PRES001', 'TYP002', '0:00:00', '23:59:00', 0, 60, 'infinity', 'PAV02', 50000),
    
    ('TAR' || nextval('seq_id_tarif'), 'QUA002', 'PRES001', 'TYP001', '20:00:00', '6:00:00', 40, 0, 15, 'PAV01', 800),
    ('TAR' || nextval('seq_id_tarif'), 'QUA002', 'PRES001', 'TYP001', '20:00:00', '6:00:00', 40, 15, 30, 'PAV01', 1000),
    ('TAR' || nextval('seq_id_tarif'), 'QUA002', 'PRES001', 'TYP001', '20:00:00', '6:00:00', 40, 30, 45, 'PAV01', 1500),
    ('TAR' || nextval('seq_id_tarif'), 'QUA002', 'PRES001', 'TYP001', '20:00:00', '6:00:00', 40, 45, 60, 'PAV01', 2000),
    ('TAR' || nextval('seq_id_tarif'), 'QUA002', 'PRES001', 'TYP001', '20:00:00', '6:00:00', 40, 60, 'infinity', 'PAV01', 300),
    ('TAR' || nextval('seq_id_tarif'), 'QUA002', 'PRES001', 'TYP001', '6:00:00', '20:00:00', 0, 0, 15, 'PAV01', 800),
    ('TAR' || nextval('seq_id_tarif'), 'QUA002', 'PRES001', 'TYP001', '6:00:00', '20:00:00', 0, 15, 30, 'PAV01', 1000),
    ('TAR' || nextval('seq_id_tarif'), 'QUA002', 'PRES001', 'TYP001', '6:00:00', '20:00:00', 0, 30, 45, 'PAV01', 1500),
    ('TAR' || nextval('seq_id_tarif'), 'QUA002', 'PRES001', 'TYP001', '6:00:00', '20:00:00', 0, 45, 60, 'PAV01', 2000),
    ('TAR' || nextval('seq_id_tarif'), 'QUA002', 'PRES001', 'TYP001', '6:00:00', '20:00:00', 0, 60, 'infinity', 'PAV01', 300),
    ('TAR' || nextval('seq_id_tarif'), 'QUA002', 'PRES001', 'TYP001', '0:00:00', '23:59:00', 0, 0, 15, 'PAV02', 150000),
    ('TAR' || nextval('seq_id_tarif'), 'QUA002', 'PRES001', 'TYP001', '0:00:00', '23:59:00', 0, 15, 30, 'PAV02', 200000),
    ('TAR' || nextval('seq_id_tarif'), 'QUA002', 'PRES001', 'TYP001', '0:00:00', '23:59:00', 0, 30, 45, 'PAV02', 250000),
    ('TAR' || nextval('seq_id_tarif'), 'QUA002', 'PRES001', 'TYP001', '0:00:00', '23:59:00', 0, 45, 60, 'PAV02', 300000),
    ('TAR' || nextval('seq_id_tarif'), 'QUA002', 'PRES001', 'TYP001', '0:00:00', '23:59:00', 0, 60, 'infinity', 'PAV02', 60000),
    ('TAR' || nextval('seq_id_tarif'), 'QUA002', 'PRES001', 'TYP002', '20:00:00', '6:00:00', 40, 0, 15, 'PAV01', 800),
    ('TAR' || nextval('seq_id_tarif'), 'QUA002', 'PRES001', 'TYP002', '20:00:00', '6:00:00', 40, 15, 30, 'PAV01', 1000),
    ('TAR' || nextval('seq_id_tarif'), 'QUA002', 'PRES001', 'TYP002', '20:00:00', '6:00:00', 40, 30, 45, 'PAV01', 1500),
    ('TAR' || nextval('seq_id_tarif'), 'QUA002', 'PRES001', 'TYP002', '20:00:00', '6:00:00', 40, 45, 60, 'PAV01', 2000),
    ('TAR' || nextval('seq_id_tarif'), 'QUA002', 'PRES001', 'TYP002', '20:00:00', '6:00:00', 40, 60, 'infinity', 'PAV01', 300),
    ('TAR' || nextval('seq_id_tarif'), 'QUA002', 'PRES001', 'TYP002', '6:00:00', '20:00:00', 0, 0, 15, 'PAV01', 800),
    ('TAR' || nextval('seq_id_tarif'), 'QUA002', 'PRES001', 'TYP002', '6:00:00', '20:00:00', 0, 15, 30, 'PAV01', 1000),
    ('TAR' || nextval('seq_id_tarif'), 'QUA002', 'PRES001', 'TYP002', '6:00:00', '20:00:00', 0, 30, 45, 'PAV01', 1500),
    ('TAR' || nextval('seq_id_tarif'), 'QUA002', 'PRES001', 'TYP002', '6:00:00', '20:00:00', 0, 45, 60, 'PAV01', 2000),
    ('TAR' || nextval('seq_id_tarif'), 'QUA002', 'PRES001', 'TYP002', '6:00:00', '20:00:00', 0, 60, 'infinity', 'PAV01', 300),
    ('TAR' || nextval('seq_id_tarif'), 'QUA002', 'PRES001', 'TYP002', '0:00:00', '23:59:00', 0, 0, 15, 'PAV02', 150000),
    ('TAR' || nextval('seq_id_tarif'), 'QUA002', 'PRES001', 'TYP002', '0:00:00', '23:59:00', 0, 15, 30, 'PAV02', 200000),
    ('TAR' || nextval('seq_id_tarif'), 'QUA002', 'PRES001', 'TYP002', '0:00:00', '23:59:00', 0, 30, 45, 'PAV02', 250000),
    ('TAR' || nextval('seq_id_tarif'), 'QUA002', 'PRES001', 'TYP002', '0:00:00', '23:59:00', 0, 45, 60, 'PAV02', 300000),
    ('TAR' || nextval('seq_id_tarif'), 'QUA002', 'PRES001', 'TYP002', '0:00:00', '23:59:00', 0, 60, 'infinity', 'PAV02', 60000),
    
    ('TAR' || nextval('seq_id_tarif'), 'QUA003', 'PRES001', 'TYP001', '20:00:00', '6:00:00', 40, 0, 16, 'PAV01', 260),
    ('TAR' || nextval('seq_id_tarif'), 'QUA003', 'PRES001', 'TYP001', '20:00:00', '6:00:00', 40, 16, 30, 'PAV01', 600),
    ('TAR' || nextval('seq_id_tarif'), 'QUA003', 'PRES001', 'TYP001', '20:00:00', '6:00:00', 40, 30, 46, 'PAV01', 760),
    ('TAR' || nextval('seq_id_tarif'), 'QUA003', 'PRES001', 'TYP001', '20:00:00', '6:00:00', 40, 46, 60, 'PAV01', 1000),
    ('TAR' || nextval('seq_id_tarif'), 'QUA003', 'PRES001', 'TYP001', '20:00:00', '6:00:00', 40, 60, 'infinity', 'PAV01', 160),
    ('TAR' || nextval('seq_id_tarif'), 'QUA003', 'PRES001', 'TYP001', '6:00:00', '20:00:00', 0, 0, 16, 'PAV01', 260),
    ('TAR' || nextval('seq_id_tarif'), 'QUA003', 'PRES001', 'TYP001', '6:00:00', '20:00:00', 0, 16, 30, 'PAV01', 600),
    ('TAR' || nextval('seq_id_tarif'), 'QUA003', 'PRES001', 'TYP001', '6:00:00', '20:00:00', 0, 30, 46, 'PAV01', 760),
    ('TAR' || nextval('seq_id_tarif'), 'QUA003', 'PRES001', 'TYP001', '6:00:00', '20:00:00', 0, 45, 60, 'PAV01', 1000),
    ('TAR' || nextval('seq_id_tarif'), 'QUA003', 'PRES001', 'TYP001', '6:00:00', '20:00:00', 0, 60, 'infinity', 'PAV01', 150),
    ('TAR' || nextval('seq_id_tarif'), 'QUA003', 'PRES001', 'TYP001', '0:00:00', '23:59:00', 0, 0, 15, 'PAV02', 50000),
    ('TAR' || nextval('seq_id_tarif'), 'QUA003', 'PRES001', 'TYP001', '0:00:00', '23:59:00', 0, 15, 30, 'PAV02', 100000),
    ('TAR' || nextval('seq_id_tarif'), 'QUA003', 'PRES001', 'TYP001', '0:00:00', '23:59:00', 0, 30, 45, 'PAV02', 150000),
    ('TAR' || nextval('seq_id_tarif'), 'QUA003', 'PRES001', 'TYP001', '0:00:00', '23:59:00', 0, 45, 70, 'PAV02', 200000),
    ('TAR' || nextval('seq_id_tarif'), 'QUA003', 'PRES001', 'TYP001', '0:00:00', '23:59:00', 0, 60, 'infinity', 'PAV02', 30000),
    ('TAR' || nextval('seq_id_tarif'), 'QUA003', 'PRES001', 'TYP002', '20:00:00', '6:00:00', 40, 0, 15, 'PAV01', 250),
    ('TAR' || nextval('seq_id_tarif'), 'QUA003', 'PRES001', 'TYP002', '20:00:00', '6:00:00', 40, 15, 30, 'PAV01', 500),
    ('TAR' || nextval('seq_id_tarif'), 'QUA003', 'PRES001', 'TYP002', '20:00:00', '6:00:00', 40, 30, 45, 'PAV01', 750),
    ('TAR' || nextval('seq_id_tarif'), 'QUA003', 'PRES001', 'TYP002', '20:00:00', '6:00:00', 40, 45, 60, 'PAV01', 1000),
    ('TAR' || nextval('seq_id_tarif'), 'QUA003', 'PRES001', 'TYP002', '20:00:00', '6:00:00', 40, 60, 'infinity', 'PAV01', 150),
    ('TAR' || nextval('seq_id_tarif'), 'QUA003', 'PRES001', 'TYP002', '6:00:00', '20:00:00', 0, 0, 15, 'PAV01', 250),
    ('TAR' || nextval('seq_id_tarif'), 'QUA003', 'PRES001', 'TYP002', '6:00:00', '20:00:00', 0, 15, 30, 'PAV01', 500),
    ('TAR' || nextval('seq_id_tarif'), 'QUA003', 'PRES001', 'TYP002', '6:00:00', '20:00:00', 0, 30, 45, 'PAV01', 750),
    ('TAR' || nextval('seq_id_tarif'), 'QUA003', 'PRES001', 'TYP002', '6:00:00', '20:00:00', 0, 45, 60, 'PAV01', 1000),
    ('TAR' || nextval('seq_id_tarif'), 'QUA003', 'PRES001', 'TYP002', '6:00:00', '20:00:00', 0, 60, 'infinity', 'PAV01', 150),
    ('TAR' || nextval('seq_id_tarif'), 'QUA003', 'PRES001', 'TYP002', '0:00:00', '23:59:00', 0, 0, 15, 'PAV02', 50000),
    ('TAR' || nextval('seq_id_tarif'), 'QUA003', 'PRES001', 'TYP002', '0:00:00', '23:59:00', 0, 15, 30, 'PAV02', 100000),
    ('TAR' || nextval('seq_id_tarif'), 'QUA003', 'PRES001', 'TYP002', '0:00:00', '23:59:00', 0, 30, 45, 'PAV02', 150000),
    ('TAR' || nextval('seq_id_tarif'), 'QUA003', 'PRES001', 'TYP002', '0:00:00', '23:59:00', 0, 45, 60, 'PAV02', 200000),
    ('TAR' || nextval('seq_id_tarif'), 'QUA003', 'PRES001', 'TYP002', '0:00:00', '23:59:00', 0, 60, 'infinity', 'PAV02', 30000),
    
    ('TAR' || nextval('seq_id_tarif'), 'QUA004', 'PRES001', 'TYP001', '20:00:00', '6:00:00', 40, 0, 15, 'PAV01', 1000),
    ('TAR' || nextval('seq_id_tarif'), 'QUA004', 'PRES001', 'TYP001', '20:00:00', '6:00:00', 40, 15, 30, 'PAV01', 1500),
    ('TAR' || nextval('seq_id_tarif'), 'QUA004', 'PRES001', 'TYP001', '20:00:00', '6:00:00', 40, 30, 45, 'PAV01', 2000),
    ('TAR' || nextval('seq_id_tarif'), 'QUA004', 'PRES001', 'TYP001', '20:00:00', '6:00:00', 40, 45, 60, 'PAV01', 2500),
    ('TAR' || nextval('seq_id_tarif'), 'QUA004', 'PRES001', 'TYP001', '20:00:00', '6:00:00', 40, 60, 'infinity', 'PAV01', 500),
    ('TAR' || nextval('seq_id_tarif'), 'QUA004', 'PRES001', 'TYP001', '6:00:00', '20:00:00', 0, 0, 15, 'PAV01', 1000),
    ('TAR' || nextval('seq_id_tarif'), 'QUA004', 'PRES001', 'TYP001', '6:00:00', '20:00:00', 0, 15, 30, 'PAV01', 1500),
    ('TAR' || nextval('seq_id_tarif'), 'QUA004', 'PRES001', 'TYP001', '6:00:00', '20:00:00', 0, 30, 45, 'PAV01', 2000),
    ('TAR' || nextval('seq_id_tarif'), 'QUA004', 'PRES001', 'TYP001', '6:00:00', '20:00:00', 0, 45, 60, 'PAV01', 2500),
    ('TAR' || nextval('seq_id_tarif'), 'QUA004', 'PRES001', 'TYP001', '6:00:00', '20:00:00', 0, 60, 'infinity', 'PAV01', 500),
    ('TAR' || nextval('seq_id_tarif'), 'QUA004', 'PRES001', 'TYP001', '0:00:00', '23:59:00', 0, 0, 15, 'PAV02', 200000),
    ('TAR' || nextval('seq_id_tarif'), 'QUA004', 'PRES001', 'TYP001', '0:00:00', '23:59:00', 0, 15, 30, 'PAV02', 250000),
    ('TAR' || nextval('seq_id_tarif'), 'QUA004', 'PRES001', 'TYP001', '0:00:00', '23:59:00', 0, 30, 45, 'PAV02', 300000),
    ('TAR' || nextval('seq_id_tarif'), 'QUA004', 'PRES001', 'TYP001', '0:00:00', '23:59:00', 0, 45, 60, 'PAV02', 350000),
    ('TAR' || nextval('seq_id_tarif'), 'QUA004', 'PRES001', 'TYP001', '0:00:00', '23:59:00', 0, 60, 'infinity', 'PAV02', 100000),
    ('TAR' || nextval('seq_id_tarif'), 'QUA004', 'PRES001', 'TYP002', '20:00:00', '6:00:00', 40, 0, 15, 'PAV01', 1000),
    ('TAR' || nextval('seq_id_tarif'), 'QUA004', 'PRES001', 'TYP002', '20:00:00', '6:00:00', 40, 15, 30, 'PAV01', 1500),
    ('TAR' || nextval('seq_id_tarif'), 'QUA004', 'PRES001', 'TYP002', '20:00:00', '6:00:00', 40, 30, 45, 'PAV01', 2000),
    ('TAR' || nextval('seq_id_tarif'), 'QUA004', 'PRES001', 'TYP002', '20:00:00', '6:00:00', 40, 45, 60, 'PAV01', 2500),
    ('TAR' || nextval('seq_id_tarif'), 'QUA004', 'PRES001', 'TYP002', '20:00:00', '6:00:00', 40, 60, 'infinity', 'PAV01', 500),
    ('TAR' || nextval('seq_id_tarif'), 'QUA004', 'PRES001', 'TYP002', '6:00:00', '20:00:00', 0, 0, 15, 'PAV01', 1000),
    ('TAR' || nextval('seq_id_tarif'), 'QUA004', 'PRES001', 'TYP002', '6:00:00', '20:00:00', 0, 15, 30, 'PAV01', 1500),
    ('TAR' || nextval('seq_id_tarif'), 'QUA004', 'PRES001', 'TYP002', '6:00:00', '20:00:00', 0, 30, 45, 'PAV01', 2000),
    ('TAR' || nextval('seq_id_tarif'), 'QUA004', 'PRES001', 'TYP002', '6:00:00', '20:00:00', 0, 45, 60, 'PAV01', 2500),
    ('TAR' || nextval('seq_id_tarif'), 'QUA004', 'PRES001', 'TYP002', '6:00:00', '20:00:00', 0, 60, 'infinity', 'PAV01', 500),
    ('TAR' || nextval('seq_id_tarif'), 'QUA004', 'PRES001', 'TYP002', '0:00:00', '23:59:00', 0, 0, 15, 'PAV02', 200000),
    ('TAR' || nextval('seq_id_tarif'), 'QUA004', 'PRES001', 'TYP002', '0:00:00', '23:59:00', 0, 15, 30, 'PAV02', 250000),
    ('TAR' || nextval('seq_id_tarif'), 'QUA004', 'PRES001', 'TYP002', '0:00:00', '23:59:00', 0, 30, 45, 'PAV02', 300000),
    ('TAR' || nextval('seq_id_tarif'), 'QUA004', 'PRES001', 'TYP002', '0:00:00', '23:59:00', 0, 45, 60, 'PAV02', 350000),
    ('TAR' || nextval('seq_id_tarif'), 'QUA004', 'PRES001', 'TYP002', '0:00:00', '23:59:00', 0, 60, 'infinity', 'PAV02', 100000),
    
    ('TAR' || nextval('seq_id_tarif'), 'QUA001', 'PRES002', 'TYP001', '0:00:00', '23:59:00', 0, 0, 10, 'PAV01', 500),
    ('TAR' || nextval('seq_id_tarif'), 'QUA001', 'PRES002', 'TYP001', '0:00:00', '23:59:00', 0, 10, 20, 'PAV01', 800),
    ('TAR' || nextval('seq_id_tarif'), 'QUA001', 'PRES002', 'TYP001', '0:00:00', '23:59:00', 0, 20, 30, 'PAV01', 1000),
    ('TAR' || nextval('seq_id_tarif'), 'QUA001', 'PRES002', 'TYP001', '0:00:00', '23:59:00', 0, 30, 'infinity', 'PAV01', 100),
    ('TAR' || nextval('seq_id_tarif'), 'QUA001', 'PRES002', 'TYP002', '0:00:00', '23:59:00', 0, 0, 10, 'PAV02', 100000),
    ('TAR' || nextval('seq_id_tarif'), 'QUA001', 'PRES002', 'TYP002', '0:00:00', '23:59:00', 0, 10, 20, 'PAV02', 150000),
    ('TAR' || nextval('seq_id_tarif'), 'QUA001', 'PRES002', 'TYP002', '0:00:00', '23:59:00', 0, 20, 30, 'PAV02', 200000),
    ('TAR' || nextval('seq_id_tarif'), 'QUA001', 'PRES002', 'TYP002', '0:00:00', '23:59:00', 0, 30, 'infinity', 'PAV02', 20000),
    
    ('TAR' || nextval('seq_id_tarif'), 'QUA002', 'PRES002', 'TYP001', '0:00:00', '23:59:00', 0, 0, 10, 'PAV01', 500),
    ('TAR' || nextval('seq_id_tarif'), 'QUA002', 'PRES002', 'TYP001', '0:00:00', '23:59:00', 0, 10, 20, 'PAV01', 800),
    ('TAR' || nextval('seq_id_tarif'), 'QUA002', 'PRES002', 'TYP001', '0:00:00', '23:59:00', 0, 20, 30, 'PAV01', 1000),
    ('TAR' || nextval('seq_id_tarif'), 'QUA002', 'PRES002', 'TYP001', '0:00:00', '23:59:00', 0, 30, 'infinity', 'PAV01', 100),
    ('TAR' || nextval('seq_id_tarif'), 'QUA002', 'PRES002', 'TYP002', '0:00:00', '23:59:00', 0, 0, 10, 'PAV02', 100000),
    ('TAR' || nextval('seq_id_tarif'), 'QUA002', 'PRES002', 'TYP002', '0:00:00', '23:59:00', 0, 10, 20, 'PAV02', 150000),
    ('TAR' || nextval('seq_id_tarif'), 'QUA002', 'PRES002', 'TYP002', '0:00:00', '23:59:00', 0, 20, 30, 'PAV02', 200000),
    ('TAR' || nextval('seq_id_tarif'), 'QUA002', 'PRES002', 'TYP002', '0:00:00', '23:59:00', 0, 30, 'infinity', 'PAV02', 20000),
    
    ('TAR' || nextval('seq_id_tarif'), 'QUA003', 'PRES002', 'TYP001', '0:00:00', '23:59:00', 0, 0, 10, 'PAV01', 500),
    ('TAR' || nextval('seq_id_tarif'), 'QUA003', 'PRES002', 'TYP001', '0:00:00', '23:59:00', 0, 10, 20, 'PAV01', 800),
    ('TAR' || nextval('seq_id_tarif'), 'QUA003', 'PRES002', 'TYP001', '0:00:00', '23:59:00', 0, 20, 30, 'PAV01', 1000),
    ('TAR' || nextval('seq_id_tarif'), 'QUA003', 'PRES002', 'TYP001', '0:00:00', '23:59:00', 0, 30, 'infinity', 'PAV01', 100),
    ('TAR' || nextval('seq_id_tarif'), 'QUA003', 'PRES002', 'TYP002', '0:00:00', '23:59:00', 0, 0, 10, 'PAV02', 100000),
    ('TAR' || nextval('seq_id_tarif'), 'QUA003', 'PRES002', 'TYP002', '0:00:00', '23:59:00', 0, 10, 20, 'PAV02', 150000),
    ('TAR' || nextval('seq_id_tarif'), 'QUA003', 'PRES002', 'TYP002', '0:00:00', '23:59:00', 0, 20, 30, 'PAV02', 200000),
    ('TAR' || nextval('seq_id_tarif'), 'QUA003', 'PRES002', 'TYP002', '0:00:00', '23:59:00', 0, 30, 'infinity', 'PAV02', 20000),
    
    ('TAR' || nextval('seq_id_tarif'), 'QUA004', 'PRES002', 'TYP001', '0:00:00', '23:59:00', 0, 0, 10, 'PAV01', 500),
    ('TAR' || nextval('seq_id_tarif'), 'QUA004', 'PRES002', 'TYP001', '0:00:00', '23:59:00', 0, 10, 20, 'PAV01', 800),
    ('TAR' || nextval('seq_id_tarif'), 'QUA004', 'PRES002', 'TYP001', '0:00:00', '23:59:00', 0, 20, 30, 'PAV01', 1000),
    ('TAR' || nextval('seq_id_tarif'), 'QUA004', 'PRES002', 'TYP001', '0:00:00', '23:59:00', 0, 30, 'infinity', 'PAV01', 100),
    ('TAR' || nextval('seq_id_tarif'), 'QUA004', 'PRES002', 'TYP002', '0:00:00', '23:59:00', 0, 0, 10, 'PAV02', 100000),
    ('TAR' || nextval('seq_id_tarif'), 'QUA004', 'PRES002', 'TYP002', '0:00:00', '23:59:00', 0, 10, 20, 'PAV02', 150000),
    ('TAR' || nextval('seq_id_tarif'), 'QUA004', 'PRES002', 'TYP002', '0:00:00', '23:59:00', 0, 20, 30, 'PAV02', 200000),
    ('TAR' || nextval('seq_id_tarif'), 'QUA004', 'PRES002', 'TYP002', '0:00:00', '23:59:00', 0, 30, 'infinity', 'PAV02', 20000);
